{"stats":{"minecraft:picked_up":{"minecraft:coarse_dirt":3,"minecraft:raw_iron":2,"minecraft:crafting_table":2,"minecraft:acacia_log":7,"minecraft:oak_log":15,"minecraft:gunpowder":1,"minecraft:dirt":17,"minecraft:acacia_planks":8,"minecraft:apple":2,"minecraft:wheat_seeds":9,"minecraft:oak_boat":1,"minecraft:oak_sapling":4,"minecraft:coal":4,"minecraft:cobblestone":24},"minecraft:custom":{"minecraft:time_since_rest":17967,"minecraft:sprint_one_cm":6159,"minecraft:damage_taken":40,"minecraft:walk_one_cm":43866,"minecraft:mob_kills":3,"minecraft:drop":1,"minecraft:damage_dealt":640,"minecraft:interact_with_crafting_table":2,"minecraft:swim_one_cm":5960,"minecraft:fly_one_cm":7045,"minecraft:crouch_one_cm":340,"minecraft:play_time":17967,"minecraft:sneak_time":94,"minecraft:walk_under_water_one_cm":229,"minecraft:jump":148,"minecraft:time_since_death":17967,"minecraft:walk_on_water_one_cm":5472,"minecraft:total_world_time":17967,"minecraft:fall_one_cm":3447},"minecraft:crafted":{"minecraft:stone_shovel":1,"minecraft:crafting_table":1,"minecraft:stick":12,"minecraft:wooden_pickaxe":1,"minecraft:stone_pickaxe":1,"minecraft:stone_sword":1,"minecraft:acacia_planks":28,"minecraft:stone_hoe":1,"minecraft:stone_axe":1},"minecraft:dropped":{"minecraft:oak_boat":1},"minecraft:used":{"minecraft:stone_pickaxe":2,"minecraft:wooden_pickaxe":29,"minecraft:stone_axe":87,"minecraft:crafting_table":2,"minecraft:acacia_planks":11},"minecraft:killed":{"minecraft:zombie":1,"minecraft:creeper":1,"minecraft:enderman":1},"minecraft:mined":{"minecraft:acacia_leaves":9,"minecraft:iron_ore":2,"minecraft:crafting_table":2,"minecraft:short_grass":63,"minecraft:acacia_log":7,"minecraft:coal_ore":4,"minecraft:oak_log":15,"minecraft:acacia_planks":9,"minecraft:stone":24,"minecraft:oak_leaves":11}},"DataVersion":4082}