{"stats":{"minecraft:picked_up":{"minecraft:crafting_table":2,"minecraft:wheat_seeds":2,"minecraft:acacia_log":7,"minecraft:oak_log":2,"minecraft:coal":4,"minecraft:cobblestone":24},"minecraft:custom":{"minecraft:time_since_rest":5967,"minecraft:crouch_one_cm":162,"minecraft:play_time":5967,"minecraft:sprint_one_cm":76,"minecraft:damage_taken":40,"minecraft:walk_one_cm":20601,"minecraft:sneak_time":43,"minecraft:mob_kills":1,"minecraft:jump":79,"minecraft:damage_dealt":192,"minecraft:time_since_death":5967,"minecraft:total_world_time":5967,"minecraft:interact_with_crafting_table":2,"minecraft:fall_one_cm":2342,"minecraft:fly_one_cm":100},"minecraft:crafted":{"minecraft:stone_sword":1,"minecraft:stone_shovel":1,"minecraft:acacia_planks":28,"minecraft:stone_hoe":1,"minecraft:stone_axe":1,"minecraft:crafting_table":1,"minecraft:stick":12,"minecraft:wooden_pickaxe":1,"minecraft:stone_pickaxe":1},"minecraft:killed":{"minecraft:zombie":1},"minecraft:used":{"minecraft:stone_axe":3,"minecraft:crafting_table":2,"minecraft:wooden_pickaxe":29},"minecraft:mined":{"minecraft:short_grass":25,"minecraft:acacia_log":7,"minecraft:oak_log":2,"minecraft:coal_ore":4,"minecraft:acacia_leaves":4,"minecraft:stone":24,"minecraft:crafting_table":2}},"DataVersion":4082}