{"stats":{"minecraft:picked_up":{"minecraft:coarse_dirt":3,"minecraft:raw_iron":2,"minecraft:crafting_table":3,"minecraft:acacia_log":7,"minecraft:oak_log":15,"minecraft:gunpowder":1,"minecraft:dirt":21,"minecraft:acacia_planks":10,"minecraft:apple":2,"minecraft:wheat_seeds":9,"minecraft:oak_boat":1,"minecraft:oak_sapling":4,"minecraft:coal":4,"minecraft:white_wool":2,"minecraft:cobblestone":27,"minecraft:furnace":1},"minecraft:custom":{"minecraft:time_since_rest":29967,"minecraft:interact_with_furnace":1,"minecraft:sprint_one_cm":9223,"minecraft:damage_taken":60,"minecraft:walk_one_cm":71233,"minecraft:mob_kills":3,"minecraft:drop":1,"minecraft:damage_dealt":640,"minecraft:interact_with_crafting_table":3,"minecraft:swim_one_cm":5960,"minecraft:fly_one_cm":9277,"minecraft:crouch_one_cm":2073,"minecraft:play_time":29967,"minecraft:sneak_time":444,"minecraft:walk_under_water_one_cm":229,"minecraft:jump":265,"minecraft:time_since_death":29967,"minecraft:walk_on_water_one_cm":5472,"minecraft:total_world_time":29967,"minecraft:fall_one_cm":5016},"minecraft:crafted":{"minecraft:stone_shovel":1,"minecraft:crafting_table":1,"minecraft:stick":12,"minecraft:iron_ingot":2,"minecraft:wooden_pickaxe":1,"minecraft:stone_pickaxe":1,"minecraft:stone_sword":1,"minecraft:furnace":1,"minecraft:acacia_planks":28,"minecraft:stone_hoe":1,"minecraft:stone_axe":1,"minecraft:shears":1,"minecraft:air":0},"minecraft:dropped":{"minecraft:oak_boat":1},"minecraft:killed":{"minecraft:zombie":1,"minecraft:creeper":1,"minecraft:enderman":1},"minecraft:used":{"minecraft:apple":2,"minecraft:stone_sword":2,"minecraft:stone_shovel":4,"minecraft:stone_pickaxe":6,"minecraft:wooden_pickaxe":29,"minecraft:stone_axe":92,"minecraft:crafting_table":3,"minecraft:furnace":1,"minecraft:acacia_planks":11},"minecraft:mined":{"minecraft:acacia_leaves":9,"minecraft:furnace":1,"minecraft:iron_ore":2,"minecraft:crafting_table":3,"minecraft:short_grass":67,"minecraft:acacia_log":7,"minecraft:grass_block":3,"minecraft:coal_ore":4,"minecraft:oak_log":15,"minecraft:dirt":1,"minecraft:acacia_planks":11,"minecraft:stone":27,"minecraft:oak_leaves":11}},"DataVersion":4082}