{"stats":{"minecraft:picked_up":{"minecraft:oak_log":5},"minecraft:custom":{"minecraft:jump":46,"minecraft:time_since_rest":10731,"minecraft:damage_taken":10,"minecraft:leave_game":2,"minecraft:sprint_one_cm":2812,"minecraft:play_time":10731,"minecraft:time_since_death":10731,"minecraft:walk_on_water_one_cm":330,"minecraft:walk_one_cm":5872,"minecraft:sneak_time":67,"minecraft:total_world_time":10731,"minecraft:walk_under_water_one_cm":178,"minecraft:swim_one_cm":475,"minecraft:fall_one_cm":753,"minecraft:fly_one_cm":6889},"minecraft:crafted":{"minecraft:oak_planks":20},"minecraft:mined":{"minecraft:short_grass":8,"minecraft:oak_log":5}},"DataVersion":4082}