{"stats":{"minecraft:picked_up":{"minecraft:coarse_dirt":1,"minecraft:crafting_table":4,"minecraft:torch":2,"minecraft:oak_log":10,"minecraft:dirt":16,"minecraft:raw_copper":4,"minecraft:wheat_seeds":1,"minecraft:oak_boat":3,"minecraft:cobblestone":94,"minecraft:furnace":2},"minecraft:custom":{"minecraft:time_since_rest":46708,"minecraft:interact_with_furnace":7,"minecraft:sprint_one_cm":11001,"minecraft:damage_taken":220,"minecraft:walk_one_cm":67188,"minecraft:drop":1,"minecraft:damage_dealt":490,"minecraft:interact_with_crafting_table":6,"minecraft:swim_one_cm":2056,"minecraft:fly_one_cm":20450,"minecraft:crouch_one_cm":853,"minecraft:play_time":46708,"minecraft:sneak_time":668,"minecraft:walk_under_water_one_cm":1314,"minecraft:boat_one_cm":7052,"minecraft:jump":199,"minecraft:leave_game":2,"minecraft:time_since_death":46708,"minecraft:walk_on_water_one_cm":3312,"minecraft:total_world_time":46708,"minecraft:fall_one_cm":2276},"minecraft:crafted":{"minecraft:oak_boat":1,"minecraft:oak_planks":20,"minecraft:charcoal":5,"minecraft:crafting_table":1,"minecraft:stick":8,"minecraft:wooden_pickaxe":1,"minecraft:stone_pickaxe":1,"minecraft:furnace":1,"minecraft:torch":8,"minecraft:stone_axe":1,"minecraft:air":0},"minecraft:dropped":{"minecraft:wheat_seeds":1},"minecraft:used":{"minecraft:stone_pickaxe":38,"minecraft:wooden_pickaxe":59,"minecraft:stone_axe":6,"minecraft:torch":2,"minecraft:dirt":12,"minecraft:crafting_table":4,"minecraft:furnace":2,"minecraft:oak_boat":3,"minecraft:coarse_dirt":1},"minecraft:mined":{"minecraft:furnace":2,"minecraft:crafting_table":4,"minecraft:short_grass":12,"minecraft:grass_block":5,"minecraft:oak_log":10,"minecraft:dirt":11,"minecraft:copper_ore":1,"minecraft:stone":94,"minecraft:wall_torch":2},"minecraft:broken":{"minecraft:wooden_pickaxe":1}},"DataVersion":4082}