{"stats":{"minecraft:picked_up":{"minecraft:coarse_dirt":1,"minecraft:crafting_table":4,"minecraft:oak_log":10,"minecraft:dirt":10,"minecraft:raw_copper":4,"minecraft:wheat_seeds":1,"minecraft:oak_boat":2,"minecraft:cobblestone":94,"minecraft:furnace":2},"minecraft:custom":{"minecraft:time_since_rest":34708,"minecraft:interact_with_furnace":7,"minecraft:sprint_one_cm":9250,"minecraft:damage_taken":220,"minecraft:walk_one_cm":39105,"minecraft:drop":1,"minecraft:damage_dealt":490,"minecraft:interact_with_crafting_table":6,"minecraft:swim_one_cm":2056,"minecraft:fly_one_cm":17668,"minecraft:crouch_one_cm":817,"minecraft:play_time":34708,"minecraft:sneak_time":581,"minecraft:walk_under_water_one_cm":1314,"minecraft:jump":157,"minecraft:leave_game":2,"minecraft:time_since_death":34708,"minecraft:walk_on_water_one_cm":1939,"minecraft:total_world_time":34708,"minecraft:fall_one_cm":1858},"minecraft:crafted":{"minecraft:oak_boat":1,"minecraft:oak_planks":20,"minecraft:charcoal":5,"minecraft:crafting_table":1,"minecraft:stick":8,"minecraft:wooden_pickaxe":1,"minecraft:stone_pickaxe":1,"minecraft:furnace":1,"minecraft:torch":8,"minecraft:stone_axe":1,"minecraft:air":0},"minecraft:dropped":{"minecraft:wheat_seeds":1},"minecraft:used":{"minecraft:stone_pickaxe":38,"minecraft:wooden_pickaxe":59,"minecraft:stone_axe":6,"minecraft:torch":1,"minecraft:dirt":8,"minecraft:crafting_table":4,"minecraft:furnace":2,"minecraft:oak_boat":2,"minecraft:coarse_dirt":1},"minecraft:mined":{"minecraft:furnace":2,"minecraft:crafting_table":4,"minecraft:short_grass":12,"minecraft:grass_block":2,"minecraft:oak_log":10,"minecraft:dirt":8,"minecraft:copper_ore":1,"minecraft:stone":94},"minecraft:broken":{"minecraft:wooden_pickaxe":1}},"DataVersion":4082}